,Address,% of coins,First In,Last In,Ins,First Out,Last Out,Outs,Balance,Label,In_amount,Out_amount
1,DE5opaXjFgDhFBqL6tBDxTAQ56zkX6EToX,5.36%,17/07/2019 09:41,01/07/2022 13:36,276.0,17/07/2019 10:27,25/06/2022 01:55,229.0,7247474403.0,Exchange,38936381328.42957,31688906925.38636
2,DRSqEwcnJX3GZWH9Twtwk8D5ewqdJzi13k,5.07%,24/09/2019 03:35,06/07/2022 04:08,6024.0,11/11/2019 10:48,26/06/2022 04:41,5928.0,6850847195.0,,6013217937.722649,-837629257.7746413
3,DNgY1uss7Q7LkSewUXWiRhwBFk5N84aF71,4.03%,30/03/2021 00:28,07/06/2022 21:09,78.0,09/05/2021 15:16,28/10/2021 19:27,16.0,5443867629.0,Exchange,7962395101.452212,2518527472.0
4,DDTtqnuZ5kfRT5qh2c7sNtqrJmV3iXYdGG,3.72%,11/01/2014 10:15,01/06/2022 03:03,592.0,13/01/2014 11:26,13/01/2014 11:26,1.0,5031001896.0,Exchange,5032001896.082205,999999.9
5,DH5yaieqoZN36fDVciNyRueRGvGLR3mr7L,1.87%,06/02/2019 03:04,21/04/2022 14:14,1261.0,10/02/2019 21:12,06/06/2022 23:05,98.0,2532571944.0,Exchange,55812851353.60029,53280279409.34333
6,DGottmgfevJzhhfmvGdA2JpMjMJ1DsSKjJ,1.76%,27/01/2022 15:01,09/02/2022 03:57,7.0,25/04/2022 17:17,25/04/2022 17:17,6.0,2381615532.0,Exchange,2381615537.9938173,6.04121222
7,DDogepartyxxxxxxxxxxxxxxxxxxw1dfzr,1.37%,12/08/2014 19:30,05/07/2022 16:59,3364.0,,,,1854583757.0,,1854583756.8710945,0.0
8,DGmzv39riELTuigZCUD6sWoHEHPdSbxdUB,1.04%,23/05/2022 12:48,20/06/2022 21:59,23.0,,,,1400000007.0,Exchange,1400000006.9212122,0.0
9,DHQsfy66JsYSnwjCABFN6NNqW4kHQe63oU,0.9851%,09/05/2022 23:06,11/07/2022 21:57,172.0,20/05/2022 18:43,11/07/2022 19:16,162.0,1332376871.0,,4946581074.527904,3614204203.202801
10,DTXwWCTpM6pP7NtqquiMdBE385AuW1desV,0.9390%,14/01/2022 07:48,27/01/2022 03:38,8.0,,,,1270009977.0,,1270009976.6500924,0.0
11,D9a1Ah7mUNAJwNqHPER4DN9zNLoqcYFDZW,0.7394%,13/06/2016 17:13,09/05/2022 04:17,33.0,,,,1000010007.0,,1000010007.0612122,0.0
12,D8WhgsmFUkf4imvsrwYjdhXL45LPz3bS1S,0.7394%,22/02/2018 19:38,29/12/2021 05:21,14.0,29/03/2018 20:14,29/03/2018 20:14,1.0,1000000039.0,Exchange,1000000040.7286316,2.0
13,D5zikmZbvK6ReZSFPDVGusqP3qKcJTjo4r,0.7394%,25/02/2021 01:47,29/12/2021 05:21,31.0,14/04/2021 04:23,13/10/2021 01:46,8.0,1000000028.0,,2739991373.421594,1739991345.0
14,DEwbsuaPFeHtRKZKxUcxYqttroE4tXkMov,0.7394%,09/03/2021 23:30,29/12/2021 05:21,31.0,12/04/2021 09:13,27/10/2021 02:19,13.0,1000000027.0,Exchange,3215332543.041212,2215332516.0
15,DHPVTGcxbaqPkodQ5vj6h6uDJrkf4Sg9r2,0.7394%,12/03/2021 00:27,29/12/2021 05:21,27.0,07/05/2021 03:17,28/10/2021 19:27,9.0,1000000021.0,Exchange,2694380245.041212,1694380224.0
16,DHP3EmUAhAvWD8w4VTgn4FH37cduDhgKAA,0.7394%,25/03/2021 23:19,29/12/2021 05:21,28.0,12/04/2021 09:14,28/10/2021 18:25,11.0,1000000007.0,Exchange,2803884572.041212,1803884565.0
17,DPEzPFx1YAg2AndcYXD9ouPiNT5izSgeHL,0.7357%,09/01/2019 01:28,25/03/2022 04:04,46.0,10/01/2019 00:14,29/12/2021 21:32,43.0,995000862.0,,51883552460.12671,50888551598.071205
18,DJVeRemZM842GmvT6WR3PzVkqhqCEUGsDH,0.6768%,14/10/2017 02:54,29/12/2021 05:22,122.0,07/01/2018 16:36,14/11/2018 02:24,23.0,915400007.0,,1129899440.4412122,214499433.4
19,DLCDJhnh6aGotar6b182jpzbNEyXb3C361,0.6535%,22/04/2018 01:43,12/07/2022 13:41,241276.0,22/04/2018 01:46,12/07/2022 13:41,231977.0,883894947.0,,1887265608.208924,1004291196.2950103
20,DTxYRT58AY4rQ5E18PfGzSKaQt6aNjsAxD,0.5915%,27/06/2022 19:27,27/06/2022 20:01,2.0,,,,800000001.0,,800000001.0,0.0
21,D9FV7Ka27RVzS9NPBx3H57TUVi1hb4QS64,0.5570%,17/02/2022 22:42,10/03/2022 02:55,6.0,,,,753279806.0,,753279806.4896266,0.0
22,D6LKpBFJaf6moGenC39eXEjzAqLzYiTfdz,0.5271%,25/12/2020 12:40,29/12/2021 05:24,36.0,28/01/2021 22:27,28/01/2021 22:27,9.0,712965174.0,,1162965174.0673892,450000000.0
23,DGogsHSEVxeX5TVDuiJsvwK4af1WSaHgvQ,0.4499%,27/06/2022 17:51,27/06/2022 17:51,1.0,,,,608487914.0,,608487913.9584299,0.0
24,D6xiMfjQNdcGe9aVXCCUk2PyzWCxfnZww9,0.4142%,25/06/2022 01:55,25/06/2022 01:55,1.0,,,,560144357.0,,560144356.9977355,0.0
25,D61T1GVeMZM8UHvXKyyD55Ur9efAF2mb5f,0.3844%,09/02/2021 06:47,23/05/2022 15:10,8783.0,07/03/2021 01:46,26/04/2022 12:24,8141.0,519910032.0,Exchange,3393161001.654619,2873250970.153255
26,DJtqonMkvsVr8rVr4Pdf5zYfZrnaLSdnwi,0.3732%,30/08/2018 14:01,12/05/2022 06:19,2500.0,07/09/2018 10:27,10/05/2021 16:41,1015.0,504716187.0,,14370273331.826864,13865557145.189558
27,DBpNLLEj13LWr14wm1YH24nuqAjodrjaLL,0.3625%,27/01/2014 12:42,29/12/2021 05:25,97.0,09/04/2018 15:24,21/07/2021 00:50,26.0,490279746.0,,750279717.1371872,259999971.4
28,DEAWXsx1Ge925D7gn2wC3scwDXLf2svd7T,0.3580%,22/06/2021 15:11,11/07/2022 19:58,102.0,09/10/2021 14:58,11/07/2022 19:58,97.0,484239906.0,,2094789629.4031577,1610549723.4224467
29,D5BqFPG9Fw4BL5vrnoWxddeH12W3RXMYZh,0.3559%,10/05/2021 21:07,05/07/2022 15:00,53.0,11/05/2021 00:38,06/12/2021 22:14,14.0,481369668.0,,5.04121222,0.0
30,DPky8skSdy16gn8yYGFbjVcgqQn39SU8am,0.3356%,02/12/2021 14:05,29/12/2021 05:28,6.0,09/03/2022 08:01,09/03/2022 08:01,5.0,453879285.0,Exchange,453879290.2628776,5.04121222
31,DQfmzdceKQTUv7RnnWJ6zxYfCBvxnPn1B8,0.3215%,05/05/2022 19:13,20/06/2022 22:00,6.0,,,,434873911.0,,434873910.66998863,0.0
32,DMJsqFNLTHaDsj4cGfzdYpTJ4SJUxPquYP,0.2965%,13/05/2019 01:08,30/12/2021 21:05,159.0,13/05/2019 01:22,15/04/2021 15:59,55.0,401000070.0,,111.84034853,0.0
33,DEpFaVzjmQVYh4RWiCDSwnc6XyvQaxuyr8,0.2810%,13/05/2019 19:45,31/12/2021 05:31,8.0,,,,380000007.0,,380000006.7312122,0.0
34,D9QroTckMcABx2MHftswKFENcXngL8scUh,0.2413%,23/03/2021 16:14,31/12/2021 05:31,7.0,,,,326383479.0,,326383478.81121224,0.0
35,DJfU2p6woQ9GiBdiXsWZWJnJ9uDdZfSSNC,0.2403%,17/11/2021 09:09,12/07/2022 13:46,250243.0,24/11/2021 04:33,12/07/2022 13:46,249910.0,325032906.0,,16194278722.575428,15876254417.723654
36,DGf7a1UXruciKiKWvW9cFVoERQtAxg6jga,0.2218%,22/02/2018 19:38,31/12/2021 05:31,8.0,,,,300000007.0,,300000007.0412122,0.0
37,DHyyCZW7Amsvwcfhg6seYnvT7uyW4YdyZc,0.2164%,02/07/2021 17:30,06/07/2022 21:48,261.0,27/07/2021 20:55,06/07/2022 21:48,260.0,292685236.0,,3146333871.7148356,2853648635.679628
38,DQHqNvgsikHvkE8YrCsL6d1pxZ7DR5s2HW,0.2162%,26/11/2015 03:57,31/12/2021 05:35,56194.0,04/12/2015 05:03,18/09/2016 08:54,26931.0,292414318.0,,562424078.1231275,270009760.18633294
39,D7vrVREYM4H9Vbtoqi6mxsmzsuVjE6PDet,0.2139%,10/03/2022 10:39,03/07/2022 11:56,51.0,12/03/2022 06:40,03/07/2022 11:56,39.0,289359498.0,,7649037631.74836,7359678134.161363
40,DLH6o3PPPupQY5bKFw8sVDw477zkdzxRKe,0.2032%,04/05/2021 12:59,31/12/2021 05:39,145.0,04/05/2021 13:11,19/08/2021 13:25,55.0,274851003.0,,761615561.0665468,486764557.7960826
41,DK1D2fkQmT8T7ToboCh5j2pPdnvq1H1H9e,0.1911%,04/07/2022 18:29,04/07/2022 18:29,1.0,,,,258492753.0,,258492753.43428648,0.0
42,D79tQ1VkKn9v2BekHShAZSq2m8XtUA8VEP,0.1848%,18/05/2021 04:32,07/07/2022 09:53,147.0,18/05/2021 12:30,08/07/2022 08:26,136.0,250000006.0,,6780000040.141212,6530000034.0
43,DFCT8ZPq6MytZU3HSvbTJevxt4MLq2Xasu,0.1678%,30/03/2021 05:36,31/12/2021 19:27,22.0,30/03/2021 10:34,30/03/2021 10:34,1.0,227000015.0,,227000024.6982901,10.0
44,D8znPD1n3F7KoV9pTBAzyUuEmKG65GG9ab,0.1664%,21/10/2015 22:16,31/12/2021 19:28,9.0,,,,225020506.0,,225020506.04121223,0.0
45,D8AGXH8zdcNnGbzBtR23UExtbCnTYS1h3n,0.1638%,07/05/2021 11:57,31/12/2021 19:28,6.0,,,,221581598.0,,221581597.64651638,0.0
46,DQFoGSJspF6M2rAHShe7tmMEtTnodFSKHW,0.1627%,06/05/2021 21:13,31/12/2021 19:28,6.0,,,,220003216.0,,220003215.90846586,0.0
47,DHSxXxD1hfXxghtk6ZGboGME5UwSdFRNHk,0.1627%,13/05/2022 14:19,20/06/2022 22:02,6.0,20/06/2022 04:49,21/06/2022 00:01,5.0,219998876.0,,219998881.06541222,5.04121222
48,DAN6kLu7xtRFkUZhPCEiCUNpJjsAZPWCRq,0.1614%,17/09/2021 10:24,31/12/2021 19:35,6.0,,,,218344741.0,,218344741.06714615,0.0
49,DHFu8WjwXzHVy9pknMrxdQpePFir2FmiuG,0.1427%,09/11/2021 19:17,12/07/2022 13:30,19264.0,,,,192988371.0,,193249056.77523345,0.0
50,D78RSZmmfSXUAgFivtg5Ld5NMChVeDyWx8,0.1406%,18/05/2021 04:30,12/07/2022 13:35,11822.0,18/05/2021 12:26,07/07/2022 09:53,9705.0,190160026.0,,7133790991.147998,6942179501.67241
51,DGJNetovmNoBZiF5YymLfcc4R8LAQeewkz,0.1376%,10/07/2022 03:52,10/07/2022 03:52,1.0,,,,186139953.0,,186139952.87889004,0.0
52,DLZxgWfMASwbqtRFtLy6rVEAjTzMcSguJe,0.1371%,29/04/2017 07:43,31/12/2021 19:35,240.0,29/04/2017 07:46,18/03/2018 15:21,223.0,185390129.0,Exchange,1527714849.0927622,1342324720.4811046
53,DL6eP9yfnmJTVewgw63V1ueDErBjYCnE3P,0.1350%,27/11/2018 03:34,31/12/2021 05:31,34.0,04/09/2019 03:55,01/06/2022 01:13,16.0,182647850.0,,480999962.1569648,298352112.51713324
54,DPtCFXLTkqSzUTHCt3JEkbh8LHCxN22EUz,0.1338%,04/01/2022 15:36,12/07/2022 13:37,13545.0,05/01/2022 11:08,12/07/2022 13:37,13079.0,180959543.0,,2854927240.108252,2673990963.1464067
55,DSS3QiBvezK8rZSS7GzDf9qyWHEdr8t2b8,0.1337%,14/04/2022 16:34,20/06/2022 22:02,9.0,,,,180780767.0,,180780766.58620268,0.0
56,DD1h9ojoyAdAGLXaqgqZP3j86AtxZs6jCn,0.1306%,16/07/2019 14:49,31/12/2021 19:35,371.0,16/07/2019 15:54,30/01/2021 09:07,361.0,176644459.0,,15538873922.70254,15362229463.231533
57,DEXZ68xXMW8VX2UGP9kbDgyduEZwacGmMc,0.1299%,04/05/2021 18:47,09/07/2022 21:22,1262.0,05/05/2021 01:45,01/07/2022 19:19,947.0,175676873.0,,1240452759.3157792,1064775886.7957792
58,DFfEX64RwVysrk65F47GoSiuc38hLvxnjX,0.1256%,05/01/2021 11:32,02/03/2022 17:51,20.0,05/01/2021 11:35,08/06/2022 23:43,6.0,169862347.0,,641788971.259465,471926624.68743277
59,DCLHWoDUWkfM6ejSBPnV64wBgcDnn8twEp,0.1220%,08/07/2022 08:26,08/07/2022 08:26,1.0,,,,164999999.0,,164999999.0,0.0
60,DR2SpAVZPwJDVxJgTkJvGej3HC5aLBhQBM,0.1210%,26/03/2017 11:47,01/01/2022 20:20,135.0,26/03/2017 18:59,18/03/2018 16:49,119.0,163708101.0,Exchange,960820917.0970643,797112815.873881
61,DEnzooCbsBkUjqKJJh7SvWfSwKxBhbqyGi,0.1204%,10/02/2022 16:32,20/06/2022 22:02,8.0,,,,162867655.0,,5.04121222,0.0
62,DLPaeuaJi2JLUcvYHD4ddLxadwnGaVSt4p,0.1200%,11/02/2021 07:27,12/07/2022 13:46,259988.0,11/02/2021 07:51,12/07/2022 13:46,259377.0,162346418.0,,21571123469.637764,21408980233.375175
63,DLDPcmz1omzix37UPwXCfZvLjAEcJ2yLHb,0.1192%,13/05/2022 14:19,20/06/2022 22:02,6.0,20/06/2022 03:04,20/06/2022 22:30,5.0,161226551.0,,161226556.51379177,5.04121222
64,DF1R6bUwDcYsaqZr6bKsrmtVSnwGpQeyLn,0.1191%,17/10/2019 22:47,12/07/2022 13:06,1532.0,18/10/2019 01:31,06/07/2022 09:24,1478.0,161089350.0,,,
65,DE1ekWYKnnTRn9vctx4UDgPZczW5RdAb3S,0.1181%,19/12/2019 13:09,07/06/2022 05:38,979.0,03/01/2020 14:04,28/05/2022 07:53,531.0,159687723.0,,1015664992.5561199,855977270.0021182
66,DSVE8hQgj8XmkH5ixLJ23utaUHzRZY6MRF,0.1109%,04/02/2014 07:14,01/01/2022 20:20,23.0,,,,150000007.0,,150000007.191213,0.0
67,DEHiiX3YuFKzRFbXQLgJ6wtqgmAUN8EZaG,0.1109%,28/03/2022 18:09,01/04/2022 22:37,6.0,,,,149924195.0,,149924195.300769,0.0
68,DQ5xwLot4js7ehQ9L65iq5jxWz4DxNvhQ9,0.1082%,17/03/2019 06:13,01/01/2022 20:20,20.0,17/03/2019 06:18,30/01/2021 03:27,5.0,146402402.0,,309770979.8200832,163368577.79845
69,DEN9enVfqSNXRz5guvEzpvQeKEx82XbJyu,0.1058%,07/07/2018 06:01,01/01/2022 20:20,14.0,,,,143096272.0,,143096272.4412122,0.0
70,DRVd3RRmcUh7w8ra2HDkvNiBpYy4u4yKs1,0.09755%,06/05/2021 09:30,10/06/2022 12:53,1130.0,09/05/2021 01:16,01/07/2022 19:19,823.0,131942336.0,,463920470.4837122,331978134.1437122
71,DMoonzxadHZJmgP6cCRvFZvec8wJb67j38,0.09612%,04/07/2014 11:30,01/01/2022 20:25,26.0,12/01/2020 00:47,18/08/2020 22:11,4.0,130000026.0,,166000026.04121223,36000000.0
72,DHKM6NDUUv9kaHAGi1QU7MRBNKfQiAdP3F,0.08992%,12/05/2014 06:57,23/06/2022 00:00,549.0,,,,121621885.0,,121621884.70478664,0.0
73,D7J8gJgs79VsFYkL37c1vA3vdUNhvKVLdG,0.08919%,07/12/2021 11:09,11/07/2022 12:22,111.0,15/12/2021 14:28,11/07/2022 11:14,91.0,120630125.0,,195804198.95603448,75174073.60896745
74,DFGBxpZncATmjHgKgt527yAPJxAWP6LFWC,0.08901%,04/06/2021 00:29,24/01/2022 19:20,49.0,,,,120379269.0,,120379268.7599389,0.0
75,DCTpBbA5HUgcf39219AWtZuf76pNxM1m4e,0.08888%,03/06/2021 18:32,24/01/2022 18:24,49.0,,,,120203362.0,,120203362.12154523,0.0
76,D5yVYrobXFZLCPdCYVf9ndJ1aUvjhsyazg,0.08888%,03/06/2021 16:30,24/01/2022 18:24,59.0,,,,120203362.0,,120203362.12154523,0.0
77,DCjbrhWwy92ZXHM598F5WtUsPB2z1iyphf,0.08888%,03/06/2021 16:12,24/01/2022 18:06,50.0,,,,120203362.0,,120203362.12154523,0.0
78,D5H4oSgxgSv8w8m8Eo3xxKMAHsbyzY8HjJ,0.08888%,03/06/2021 15:41,24/01/2022 18:06,51.0,,,,120203362.0,,120203362.12154523,0.0
79,DDpf4hhQ9KVDTRweFBAixuo6sjnnqjhofi,0.08888%,03/06/2021 15:18,24/01/2022 18:07,50.0,,,,120203362.0,,120203362.12154523,0.0
80,DEBKccoUBDUuqqwQiqHKbSGLfrrzADpgR1,0.08888%,03/06/2021 14:24,24/01/2022 18:06,50.0,,,,120203362.0,,120203362.12154523,0.0
81,DPPgfELC94eZuWBfXAQtMJTabpVuF33sY5,0.08872%,07/11/2017 10:13,01/01/2022 20:25,8.0,,,,120000008.0,,120000008.04121222,0.0
82,DN5Hp2kCkvCsdwr5SPmwHpiJgjKnC5wcT7,0.08859%,21/05/2021 11:05,29/05/2022 10:42,110.0,21/05/2021 11:08,07/07/2022 10:34,86.0,119812244.0,,1037933470.0412122,918121226.0412122
83,DFBx6m9YHYFHgrmYXmTh1YQTaZv7Z3Zd8x,0.08849%,03/06/2021 18:32,24/01/2022 18:24,57.0,,,,119678813.0,,119678813.24000926,0.0
84,D74RXL1RfBMzn2PcAjhCcyWtHJpmHgQtFm,0.08758%,10/12/2021 07:43,12/07/2022 02:04,847.0,07/02/2022 11:43,07/02/2022 11:43,1.0,118452681.0,,119152681.04121222,700000.0
85,DMoonjyH1aHLZc1kksmikBUhjXromn1ZN4,0.08577%,21/02/2014 23:15,01/01/2022 20:25,35.0,04/03/2014 13:02,10/03/2014 17:41,11.0,116001032.0,,172001029.4412122,55999997.0
86,DPZRf5bQmLYuhZmKsz6BqKFrNcVhuzf95j,0.08061%,29/01/2021 18:51,12/07/2022 08:06,1350.0,05/02/2021 09:20,01/07/2022 18:36,1042.0,109026480.0,,523888895.75663364,414862415.7576337
87,DTVQd2jrTzhq2Qth2vpKubzUeHGpRSCBjv,0.08007%,04/06/2021 02:53,24/03/2022 11:54,52.0,,,,108295534.0,,108295534.34384628,0.0
88,DFUBkwzf1zEhDghSUyjniNs6jA29CY82eJ,0.08005%,13/01/2021 02:45,24/06/2022 10:02,123.0,13/01/2021 16:26,19/06/2022 08:42,120.0,108267816.0,,785447948.8439286,677180132.8439286
89,DQ8KqJ4nQg4g2Qof2BsMj6HVau5N1iXLKX,0.07944%,04/06/2021 06:18,24/03/2022 15:10,48.0,,,,107440221.0,,107440220.65666632,0.0
90,DTJgZkCy5dzMUdj211VtSsoJkXUJPzNdDG,0.07862%,04/06/2021 14:40,25/03/2022 13:44,52.0,,,,106328381.0,,106328380.56105874,0.0
91,DN4VDmvdusJtL66evr1oXgmvHi37cCJDWh,0.07782%,04/06/2021 17:02,25/04/2022 21:14,47.0,,,,105252554.0,,105252554.46926408,0.0
92,DFHMxqTjbtKKfJ2uAhNMFrw1SkeWhS3meS,0.07743%,29/11/2019 18:06,02/06/2022 08:55,206.0,03/04/2020 12:08,13/04/2022 08:56,101.0,104719244.0,,1855475072.2361617,1750755827.8442805
93,D5LLkAy7aLfr4Fx8D3EuidfrziqqkjTxNq,0.07701%,13/05/2021 06:48,12/07/2022 11:57,38652.0,13/05/2021 07:04,12/07/2022 11:57,38629.0,104151596.0,,92233720368.54776,92132152994.6278
94,DG4pSs8UzxN1cMnfmMbfJzqtPzubPEojZH,0.07700%,17/08/2021 20:53,25/04/2022 21:36,43.0,,,,104141737.0,,104141736.7590878,0.0
95,DN6KNHT6BvuKNke3S9yP1M3h6TCgKCXj3m,0.07700%,16/08/2021 05:30,25/04/2022 21:36,49.0,,,,104141737.0,,104141736.7590878,0.0
96,D7fXyKdKEDhf7iDT3sSdr7Dm6W1hy4QLW3,0.07700%,16/08/2021 00:43,25/04/2022 21:36,40.0,,,,104141737.0,,104141736.7590878,0.0
97,D8hi4d1sGLz4UckRxPybJ1A61ifs8RsF1j,0.07700%,15/08/2021 18:29,25/04/2022 21:36,44.0,,,,104141737.0,,104141736.7590878,0.0
98,DHg7AcJLmRJUeiJcsSJdpoaGRm6DsittZR,0.07700%,13/08/2021 01:47,25/04/2022 21:36,42.0,,,,104141737.0,,104141736.7590878,0.0
99,DEBmRVBhnvh36axYboCnT8C7fac5hJf5XE,0.07700%,11/08/2021 21:03,25/04/2022 21:26,41.0,,,,104141737.0,,104141736.7590878,0.0
